INSERT INTO "nec_union" ("id","name","union_leader_id","union_sub_leader1_id","union_sub_leader2_id","level","current_exp","next_level_exp","member_limit_increase","cape_design_id","union_news","created") VALUES 
(1,'DefaultUnion',1,0,0,0,0,100,0,0,NULL,'2020-02-11 13:26:55.9224609'),
 (2,'Trade_Union',9,0,0,0,0,100,0,0,NULL,'2020-02-11 15:20:31.4537755');
INSERT INTO "nec_union_member" ("id","union_id","character_id","member_priviledge_bitmask","joined") VALUES 
(1,0,1,0,'2020-02-11 13:46:17.885088'),
 (4,2,9,103,'2020-02-11 15:20:31.5745087');
INSERT INTO "nec_character" ("id","account_id","soul_id","slot","map_id","x","y","z","name","race_id","sex_id","hair_id","hair_color_id","face_id","alignment_id","strength","vitality","dexterity","agility","intelligence","piety","luck","class_id","level","shortcut_bar0_id","shortcut_bar1_id","shortcut_bar2_id","shortcut_bar3_id","shortcut_bar4_id","created") VALUES 
(1,1,1,1,1001002,23021.0,-224.0,0.0,'Server',1,1,0,0,0,1,7,6,9,6,6,7,4,3,45,1,2,3,4,5,'2019-11-19 16:01:29.30889'),
 (2,2,2,1,1001007,4760.037109375,1287.63122558594,25.9818572998047,'Talin',3,0,0,5,0,3,7,6,9,6,6,7,6,1,44,6,7,8,9,10,'2019-11-19 16:05:17.8122517'),
 (3,2,2,2,1001002,23021.0,-224.0,0.0,'Zakura',0,1,0,0,4,1,7,6,9,6,6,7,8,0,43,11,12,13,14,15,'2019-11-19 16:11:13.2318326'),
 (4,2,2,0,1001002,23021.0,-224.0,0.0,'Kadred',0,0,0,0,0,3,7,6,9,6,6,7,3,2,42,16,17,18,19,20,'2019-11-19 16:12:46.8206967'),
 (5,3,3,1,1001007,4838.71533203125,1364.60681152344,23.3636837005615,'One',4,1,1,1,0,3,7,6,9,6,6,7,9,3,41,21,22,23,24,25,'2019-11-19 16:15:30.9221983'),
 (6,4,4,0,1001002,23021.0,-224.0,0.0,'Wolf',1,0,0,0,0,2,7,6,9,6,6,7,9,2,20,26,27,28,29,30,'2020-01-22 18:45:35.402831'),
 (7,4,4,1,1001002,23021.0,-224.0,0.0,'Wolfzen',3,0,0,0,0,2,7,6,9,6,6,7,9,1,35,31,32,33,34,35,'2020-01-22 18:45:35.402831'),
 (8,6,5,1,1001902,23209.462890625,-187.910797119141,-9.80994987487793,'Mizuki',0,1,0,0,0,1,0,0,0,0,1,0,0,2,25,36,37,38,39,40,'2020-02-11 14:48:39.8044959'),
 (9,7,6,1,1001007,193.676605224609,1250.80822753906,301.301727294922,'Kadred',3,0,4,5,0,3,0,0,4,0,0,0,10,1,22,41,42,43,44,45,'2020-02-11 15:08:01.1549772'),
 (10,8,7,1,2001105,2226.10009765625,-3628.13110351563,412.150604248047,'Aiko',0,1,0,0,0,3,0,0,3,0,0,0,0,1,33,46,47,48,49,50,'2020-02-11 15:16:57.2783877');
INSERT INTO "nec_shortcut_bar" ("id","slot0","slot1","slot2","slot3","slot4","slot5","slot6","slot7","slot8","slot9","action0","action1","action2","action3","action4","action5","action6","action7","action8","action9") VALUES 
(1,12501,12601,-1,-1,11,12506,18,22,12512,2,3,3,-1,-1,4,3,4,4,3,4),
 (2,1,2,4,5,6,7,11,14,15,16,5,5,5,5,5,5,5,5,5,5),
 (3,-1,-1,-1,-1,-1,-1,-1,-1,-1,-1,-1,-1,-1,-1,-1,-1,-1,-1,-1,-1),
 (4,-1,-1,-1,-1,-1,-1,-1,-1,-1,-1,-1,-1,-1,-1,-1,-1,-1,-1,-1,-1),
 (5,-1,-1,-1,-1,-1,-1,-1,-1,-1,-1,-1,-1,-1,-1,-1,-1,-1,-1,-1,-1),
 (6,14101,14302,14803,-1,11,-1,18,22,-1,2,3,3,3,-1,4,-1,4,4,-1,4),
 (7,1,2,4,5,6,7,11,14,15,16,5,5,5,5,5,5,5,5,5,5),
 (8,-1,-1,-1,-1,-1,-1,-1,-1,-1,-1,-1,-1,-1,-1,-1,-1,-1,-1,-1,-1),
 (9,-1,-1,-1,-1,-1,-1,-1,-1,-1,-1,-1,-1,-1,-1,-1,-1,-1,-1,-1,-1),
 (10,-1,-1,-1,-1,-1,-1,-1,-1,-1,-1,-1,-1,-1,-1,-1,-1,-1,-1,-1,-1),
 (11,11101,11201,-1,-1,11,-1,18,22,-1,2,3,3,-1,-1,4,-1,4,4,-1,4),
 (12,1,2,4,5,6,7,11,14,15,16,5,5,5,5,5,5,5,5,5,5),
 (13,-1,-1,-1,-1,-1,-1,-1,-1,-1,-1,-1,-1,-1,-1,-1,-1,-1,-1,-1,-1),
 (14,-1,-1,-1,-1,-1,-1,-1,-1,-1,-1,-1,-1,-1,-1,-1,-1,-1,-1,-1,-1),
 (15,-1,-1,-1,-1,-1,-1,-1,-1,-1,-1,-1,-1,-1,-1,-1,-1,-1,-1,-1,-1),
 (16,13101,13404,-1,-1,11,-1,18,22,-1,2,3,3,-1,-1,4,-1,4,4,-1,4),
 (17,1,2,4,5,6,7,11,14,15,16,5,5,5,5,5,5,5,5,5,5),
 (18,-1,-1,-1,-1,-1,-1,-1,-1,-1,-1,-1,-1,-1,-1,-1,-1,-1,-1,-1,-1),
 (19,-1,-1,-1,-1,-1,-1,-1,-1,-1,-1,-1,-1,-1,-1,-1,-1,-1,-1,-1,-1),
 (20,-1,-1,-1,-1,-1,-1,-1,-1,-1,-1,-1,-1,-1,-1,-1,-1,-1,-1,-1,-1),
 (21,12501,12601,-1,-1,11,-1,18,22,-1,2,3,3,-1,-1,4,-1,4,4,-1,4),
 (22,1,2,4,5,6,7,11,14,15,16,5,5,5,5,5,5,5,5,5,5),
 (23,-1,-1,-1,-1,-1,-1,-1,-1,-1,-1,-1,-1,-1,-1,-1,-1,-1,-1,-1,-1),
 (24,-1,-1,-1,-1,-1,-1,-1,-1,-1,-1,-1,-1,-1,-1,-1,-1,-1,-1,-1,-1),
 (25,-1,-1,-1,-1,-1,-1,-1,-1,-1,-1,-1,-1,-1,-1,-1,-1,-1,-1,-1,-1),
 (26,13101,13404,-1,-1,11,-1,18,22,-1,2,3,3,-1,-1,4,-1,4,4,-1,4),
 (27,1,2,4,5,6,7,11,14,15,16,5,5,5,5,5,5,5,5,5,5),
 (28,-1,-1,-1,-1,-1,-1,-1,-1,-1,-1,-1,-1,-1,-1,-1,-1,-1,-1,-1,-1),
 (29,-1,-1,-1,-1,-1,-1,-1,-1,-1,-1,-1,-1,-1,-1,-1,-1,-1,-1,-1,-1),
 (30,-1,-1,-1,-1,-1,-1,-1,-1,-1,-1,-1,-1,-1,-1,-1,-1,-1,-1,-1,-1),
 (31,14101,14302,14803,-1,11,-1,18,22,-1,2,3,3,3,-1,4,-1,4,4,-1,4),
 (32,1,2,4,5,6,7,11,14,15,16,5,5,5,5,5,5,5,5,5,5),
 (33,-1,-1,-1,-1,-1,-1,-1,-1,-1,-1,-1,-1,-1,-1,-1,-1,-1,-1,-1,-1),
 (34,-1,-1,-1,-1,-1,-1,-1,-1,-1,-1,-1,-1,-1,-1,-1,-1,-1,-1,-1,-1),
 (35,-1,-1,-1,-1,-1,-1,-1,-1,-1,-1,-1,-1,-1,-1,-1,-1,-1,-1,-1,-1),
 (36,13101,13404,-1,-1,11,-1,18,22,-1,2,3,3,-1,-1,4,-1,4,4,-1,4),
 (37,1,2,4,5,6,7,11,14,15,16,5,5,5,5,5,5,5,5,5,5),
 (38,-1,-1,-1,-1,-1,-1,-1,-1,-1,-1,-1,-1,-1,-1,-1,-1,-1,-1,-1,-1),
 (39,-1,-1,-1,-1,-1,-1,-1,-1,-1,-1,-1,-1,-1,-1,-1,-1,-1,-1,-1,-1),
 (40,-1,-1,-1,-1,-1,-1,-1,-1,-1,-1,-1,-1,-1,-1,-1,-1,-1,-1,-1,-1),
 (41,14101,14302,14803,-1,11,-1,18,22,-1,2,3,3,3,-1,4,-1,4,4,-1,4),
 (42,1,2,4,5,6,7,11,14,15,16,5,5,5,5,5,5,5,5,5,5),
 (43,-1,-1,-1,-1,-1,-1,-1,-1,-1,-1,-1,-1,-1,-1,-1,-1,-1,-1,-1,-1),
 (44,-1,-1,-1,-1,-1,-1,-1,-1,-1,-1,-1,-1,-1,-1,-1,-1,-1,-1,-1,-1),
 (45,-1,-1,-1,-1,-1,-1,-1,-1,-1,-1,-1,-1,-1,-1,-1,-1,-1,-1,-1,-1),
 (46,14101,14302,14803,-1,11,-1,18,22,-1,2,3,3,3,-1,4,-1,4,4,-1,4),
 (47,1,2,4,5,6,7,11,14,15,16,5,5,5,5,5,5,5,5,5,5),
 (48,-1,-1,-1,-1,-1,-1,-1,-1,-1,-1,-1,-1,-1,-1,-1,-1,-1,-1,-1,-1),
 (49,-1,-1,-1,-1,-1,-1,-1,-1,-1,-1,-1,-1,-1,-1,-1,-1,-1,-1,-1,-1),
 (50,-1,-1,-1,-1,-1,-1,-1,-1,-1,-1,-1,-1,-1,-1,-1,-1,-1,-1,-1,-1);
INSERT INTO "nec_skilltree_item" ("id","skill_id","char_id","level") VALUES
 (1,11101,3,1),
 (2,11201,3,1),
 (3,14101,2,1),
 (4,14302,2,1),
 (5,14803,2,1),
 (6,12501,5,1),
 (7,12601,5,1),
 (8,13101,4,1),
 (9,13404,4,1),
 (10,12501,1,1),
 (11,12601,1,1),
 (12,13101,8,1),
 (13,13404,8,1),
 (14,14101,9,1),
 (15,14302,9,1),
 (16,14803,9,1),
 (17,14101,10,1),
 (18,14302,10,1),
 (19,14803,10,1);
INSERT INTO "nec_soul" ("id","account_id","name","level","created","password") VALUES
 (1,1,'Server',0,'2019-11-19 16:00:24.0076961','0000'),
 (2,2,'Xeno.',100,'2019-11-19 16:04:30.5066857','1234'),
 (3,3,'Unknown',100,'2019-11-19 16:14:12.2002506','0000'),
 (4,4,'Wolfzen',100,'2020-01-22 18:45:35.4028315','0000'),
 (5,6,'Aiko',5,'2020-02-11 14:47:31.179687','0000'),
 (6,7,'Afflatus',3,'2020-02-11 15:05:59.0900745','0000'),
 (7,8,'Mizuki',0,'2020-02-11 15:15:51.1238589','0000');
INSERT INTO "account" ("id","name","normal_name","hash","mail","mail_verified","mail_verified_at","mail_token","password_token","state","last_login","created") VALUES
 (1,'Admin','Admin','$2a$10$WT0s8dLPde7CWOSrEGIM2u4Nk.n/SBaAZe0VQ.FK.V/f/D1sIGqRu','Admin',0,NULL,NULL,NULL,1,NULL,'2019-11-19 15:58:21.1738355'),
 (2,'1234','1234','$2a$10$gHAWndIPBBGuTcsyOL2KFufzvPDI/evj18DygBv/QelpLENzALcBi','1234',0,NULL,NULL,NULL,100,NULL,'2019-11-19 16:03:55.2889936'),
 (3,'ff','ff','$2a$10$GhZE/d8hTdh92URBeP5k6eH9HbCWhoDknupYegGpgdcIOfRUoGodq','ff',0,NULL,NULL,NULL,1,NULL,'2019-11-19 16:13:35.4028315'),
 (4,'wolf','wolf','$2a$10$MoaRYlEbvjm/F2pr0FMrgewdd3TMQzbfOXW5o73C5C1kQPtO2rFeG','wolf',0,NULL,NULL,NULL,1,NULL,'2020-01-22 18:45:35.4028315'),
 (6,'aiko','aiko','$2a$10$HrEue5SiNe7h6cpmkp6.6OIjZB6c583Q.XYBRh2WCy7fnk.4.wnAq','aiko',0,NULL,NULL,NULL,1,NULL,'2020-02-11 14:46:18.1770021'),
 (7,'afflatus','afflatus','$2a$10$xwQkMp90yAKbqTxB2Ph6POkCQQXhcNWAOnOjGN/2nCT4sX0nA/1zm','afflatus',0,NULL,NULL,NULL,1,NULL,'2020-02-11 15:05:03.0611675'),
 (8,'mizuki','mizuki','$2a$10$XF12OScwkzH6hifuVxRI8uZ3TH7vJBsk5auXhFcL0qj/J6QpoysLu','mizuki',0,NULL,NULL,NULL,1,NULL,'2020-02-11 15:15:10.6311294');